end,revenue,rpo,shares,cash,shares_wavg,debt,ticker,ttm_rev,rev_yoy,price,mktcap,ev,ev_sales,ps_ttm,rpo_to_rev,year
2020-09-30,5317000,,34258000.0,9356000.0,34258000.0,0.0,BKSY,,,81.5199966430664,2792712044.998169,2783356044.998169,,,,2020
2021-03-31,7294000,,242289000.0,44787000.0,242289000.0,0.0,BKSY,,,82.55999755859375,20003379248.47412,19958592248.47412,,,,2021
2021-06-30,7365000,,56704000.0,26384000.0,56704000.0,0.0,BKSY,,,79.91999816894531,4531783576.171875,4505399576.171875,,,,2021
2021-09-30,7937000,36400000.0,113324000.0,194942000.0,69975000.0,78022000.0,BKSY,27913000.0,,82.80000305175781,9383227545.837402,9266307545.837402,331.97103664376465,336.1597659096981,1.304051875470211,2021
2022-03-31,13896000,24700000.0,117927000.0,135886000.0,115479000.0,71909000.0,BKSY,36492000.0,1.6135038555576453,15.119999885559082,1783056226.5043259,1719079226.5043259,47.10838612584473,48.86156490475518,0.6768606817932697,2022
2022-06-30,15102000,108000000.0,118453000.0,64827000.0,118112000.0,72425000.0,BKSY,44300000.0,1.0704688785302987,18.479999542236328,2189011385.77652,2196609385.77652,49.58486198141128,49.41334956606139,2.4379232505643342,2022
2022-09-30,16935000,108400000.0,118906000.0,37201000.0,118582000.0,72956000.0,BKSY,53870000.0,1.2993890020366599,12.0,1426872000.0,1462627000.0,27.15104882123631,26.487321329125674,2.0122517170967145,2022
2023-03-31,18397000,243700000.0,136839000.0,56964000.0,124144000.0,0.0,BKSY,64330000.0,1.3178782915459242,12.0,1642068000.0,1585104000.0,24.640198974040107,25.525695631898024,3.7882791854500235,2023
2023-06-30,19327000,262500000.0,138409000.0,41100000.0,137208000.0,79414000.0,BKSY,69761000.0,0.390831894070236,17.760000228881836,2458143871.679306,2496457871.679306,35.785867055794874,35.236649011328765,3.7628474362466133,2023
2023-09-30,21260000,252400000.0,140543000.0,32138000.0,138881000.0,79474000.0,BKSY,75919000.0,0.40776056151503104,9.359999656677246,1315482431.7483902,1362818431.7483902,17.950953407557925,17.327446775489538,3.3245959509477205,2023
2024-03-31,24236000,,144434000.0,14965000.0,143228000.0,84999000.0,BKSY,83220000.0,0.43111898435193385,10.880000114440918,1571441936.5291595,1641475936.5291595,19.72453660813698,18.882984096721454,,2024
2024-06-30,24938000,260600000.0,146530000.0,25552000.0,145186000.0,108582000.0,BKSY,89761000.0,0.3555471000706636,8.5600004196167,1254296861.486435,1337326861.486435,14.898751812997125,13.973739836749088,2.9032653379530085,2024
2024-09-30,22549000,250500000.0,30482000.0,56159000.0,19120000.0,98751000.0,BKSY,92983000.0,0.16670978423966476,4.739999771118164,144484673.02322388,187076673.02322388,2.0119449041569304,1.5538826777284436,2.6940408461761827,2024
2025-03-31,29544000,366100000.0,31356000.0,20748000.0,30814000.0,115348000.0,BKSY,101267000.0,0.38965192850423325,7.730000019073486,242381880.59806824,336981880.59806824,3.3276573868888013,2.3934932465469325,3.6151954733526224,2025
2025-06-30,22199000,356300000.0,34557000.0,22555000.0,32473000.0,122469000.0,BKSY,99230000.0,-0.08404852285855757,20.579999923706055,711183057.3635101,811097057.3635101,8.17390967815691,7.1670166014663925,3.5906479895192986,2025
2025-09-30,19618000,322700000.0,35695000.0,28815000.0,35194000.0,195061000.0,BKSY,93910000.0,-0.2133290560590264,20.149999618530273,719254236.3834381,885500236.3834381,9.429243279559557,7.658973872680631,3.4362687679693322,2025
2026-03-31,20774000,351600000.0,36767000.0,39382000.0,36153000.0,202659000.0,BKSY,92135000.0,-0.07871745975431288,25.15999984741211,925057714.389801,1088334714.389801,11.812391755465361,10.040242192324317,3.8161393607206815,2026
2026-06-30,33316000,378100000.0,40628000.0,36897000.0,38424000.0,210838000.0,BKSY,95907000.0,0.12767397779583,27.920000076293945,1134333763.0996704,1308274763.0996704,13.641076908877041,11.82743452615211,3.9423608287194885,2026
2021-04-30,31957000,,45722408.0,,45722408.0,0.0,PL,,,9.920000076293945,453566290.8483429,,,,,2021
2021-07-31,30406000,,46693805.0,,46693805.0,0.0,PL,,,9.859999656677246,460400901.2689543,,,,,2021
2021-10-31,31700000,,47137377.0,,47137377.0,0.0,PL,,,10.130000114440918,477501634.4044447,,,,,2021
2022-04-30,40127000,152400000.0,264088997.0,484489000.0,264088997.0,0.0,PL,134190000.0,,5.03000020980835,1328367710.3180766,843878710.3180766,6.288685522900936,9.899155751681024,1.1357031075340935,2022
2022-07-31,48450000,130500000.0,266212489.0,262061000.0,266212489.0,0.0,PL,150683000.0,0.5160997590512251,5.329999923706055,1418912546.059599,1156851546.059599,7.677385943069881,9.416540326776072,0.8660565558158518,2022
2022-10-31,49704000,130800000.0,267947661.0,199124000.0,267947661.0,0.0,PL,169981000.0,0.6346773663092811,5.25,1406725220.25,1207601220.25,7.104330603126232,8.275779176790348,0.7694977673975326,2022
2023-04-30,52703000,138000000.0,272347977.0,140763000.0,272347977.0,0.0,PL,190984000.0,0.6625552050473187,4.079999923706055,1111179725.3814983,970416725.3814983,5.081141485053713,5.818182284282968,0.7225736187324593,2023
2023-07-31,53761000,153900000.0,275053198.0,118808000.0,275053198.0,0.0,PL,204618000.0,0.3397712263563186,3.7200000286102295,1023197904.4293351,904389904.4293351,4.419894165857037,5.000527345733685,0.7521332434096707,2023
2023-10-31,55380000,152900000.0,284197733.0,101547000.0,284197733.0,0.0,PL,211548000.0,0.14303405572755423,2.1600000858306885,613867127.6728871,512320127.6728871,2.4217677674706786,2.9017864866266145,0.7227674097604326,2023
2024-04-30,60440000,124900000.0,288268718.0,107367000.0,288268718.0,0.0,PL,222284000.0,0.21599871237727353,1.690000057220459,487174149.91486835,379807149.91486835,1.7086571679242246,2.1916743891367276,0.5618937935253999,2024
2024-07-31,61092000,112100000.0,290364319.0,148288000.0,290364319.0,0.0,PL,230673000.0,0.15917499952564373,2.5399999618530273,737525359.1834803,589237359.1834803,2.5544270858898974,3.1972764874236703,0.48596931587138503,2024
2024-10-31,61266000,145900000.0,293338324.0,138969000.0,293338324.0,0.0,PL,238178000.0,0.1395993378099365,2.2100000381469727,648277707.229969,509308707.229969,2.138353278766171,2.721820265641533,0.612567071685882,2024
2025-04-30,66265000,451900000.0,300267952.0,133471000.0,300267952.0,0.0,PL,249063000.0,0.1965511014806789,3.2899999618530273,987881550.6256866,854410550.6256866,3.4304997154362016,3.9663922406205927,1.8144003725964917,2025
2025-07-31,73386000,690100000.0,304129204.0,181087000.0,304129204.0,0.0,PL,262009000.0,0.21419589675711448,6.25,1900807525.0,1719720525.0,6.563593330763447,7.254741344762966,2.6338789888896947,2025
2025-10-31,81254000,672500000.0,309248247.0,443349000.0,309248247.0,0.0,PL,282171000.0,0.33002684475872446,13.449999809265137,4159388863.165578,3716039863.165578,13.169460586543542,14.740667407939078,2.3833065765085713,2025
2026-04-30,94150000,816000000.0,345524328.0,368090000.0,345524328.0,0.0,PL,315055000.0,0.5367414226487774,36.970001220703125,12774034827.942627,12405944827.942627,39.377076472179866,40.54541215959952,2.5900239640697658,2026
2026-07-31,116052000,753100000.0,359594052.0,415130000.0,359594052.0,0.0,PL,364842000.0,0.7513317739379763,20.479999542236328,7364486020.350906,6949356020.350906,19.047576815034745,20.185411823065618,2.0641812072075036,2026
2024-03-31,3328000,,90331496.0,,90331496.0,0.0,SATL,,,1.7000000476837158,153563547.50734138,,,,,2024
2024-06-30,3501000,,90678183.0,,90678183.0,0.0,SATL,,,1.0399999618530273,94305306.86090183,,,,,2024
2024-09-30,2817000,,91200564.0,,91200564.0,0.0,SATL,,,1.0299999713897705,93936578.31073093,,,,,2024
2025-03-31,3387000,,96655349.0,17716000.0,96655349.0,0.0,SATL,13033000.0,,3.569999933242798,345059589.4775593,327343589.4775593,25.116518796712906,26.47583744936387,,2025
2025-06-30,4440000,,103206882.0,32569000.0,103206882.0,0.0,SATL,14145000.0,0.3341346153846154,3.619999885559082,373608901.0289097,341039901.0289097,24.11027932335876,26.412789044108145,,2025
2025-09-30,3633000,,130984243.0,28288000.0,130984243.0,0.0,SATL,14277000.0,0.037703513281919454,3.2799999713897705,429628313.29251075,401340313.29251075,28.110969621945138,30.092338256812408,,2025
2026-03-31,6107000,,140942287.0,121885000.0,140942287.0,0.0,SATL,17567000.0,1.1679091231806886,5.440000057220459,766726049.3447824,644841049.3447824,36.707522590355914,43.64581598137316,,2026
2026-06-30,15919000,,150594308.0,112809000.0,150594308.0,0.0,SATL,30099000.0,3.700029524653085,5.71999979019165,861399410.1640568,748590410.1640568,24.870939571549115,28.61887139652669,,2026
2020-09-30,7184000,,,,,0.0,SPIR,,,,,,,,,2020
2021-03-31,9716000,,,,,0.0,SPIR,,,80.16000366210938,,,,,,2021
2021-06-30,9113000,,,,,0.0,SPIR,,,79.83999633789062,,,,,,2021
2021-09-30,9561000,49506000.0,67348269.0,245770000.0,67348269.0,0.0,SPIR,35574000.0,,100.23999786376953,6750990340.688576,6505220340.688576,182.86446114264845,189.77315850589127,1.3916343396862878,2021
2022-03-31,18070000,90372000.0,139274538.0,91592000.0,139274538.0,0.0,SPIR,46460000.0,1.5153118040089089,16.799999237060547,2339812132.14196,2248220132.14196,48.390446236374515,50.36186250843651,1.945157124408093,2022
2022-06-30,19395000,125286000.0,139687475.0,72531000.0,139687475.0,0.0,SPIR,56139000.0,0.996191848497324,9.279999732971191,1296299730.69942,1223768730.69942,21.798905051736227,23.090894577734193,2.2317105755357236,2022
2022-09-30,20418000,148166000.0,139942968.0,59443000.0,139942968.0,0.0,SPIR,67444000.0,1.2405354987380663,8.640000343322754,1209107291.5656052,1149664291.5656052,17.0462056160015,17.927573862250238,2.1968744439831562,2022
2023-03-31,24168000,164465000.0,144770908.0,46952000.0,144770908.0,0.0,SPIR,82051000.0,1.527769061813618,5.343999862670898,773655712.4707413,726703712.4707413,8.856731940753205,9.428961407791999,2.004424077707767,2023
2023-06-30,26493000,191866000.0,147751593.0,43144000.0,147751593.0,0.0,SPIR,90474000.0,0.46613171001660203,4.119999885559082,608736546.2511721,565592546.2511721,6.25143738810235,6.728303670128126,2.1206755531976036,2023
2023-09-30,27317000,201603000.0,20756394.0,29936000.0,20756394.0,0.0,SPIR,98396000.0,0.40845578757411705,4.889999866485596,101498763.88872242,71562763.88872242,0.7272934254311397,1.0315334351876337,2.0488942639944714,2023
2024-03-31,25688000,195678000.0,21813045.0,51985000.0,21813045.0,123126000.0,SPIR,103666000.0,0.25810559310412384,12.0,261756540.0,332897540.0,3.2112509405205176,2.5249989388999285,1.8875812706191037,2024
2024-06-30,25399000,189689000.0,24487484.0,23528000.0,24487484.0,4854000.0,SPIR,104897000.0,0.05093512082092033,10.84000015258789,265444330.29649353,246770330.29649353,2.352501313636172,2.530523564034181,1.8083357960666178,2024
2024-09-30,28568000,200117000.0,24921585.0,29061000.0,24921585.0,4910000.0,SPIR,106972000.0,0.078322575774733,9.989999771118164,248966628.44590187,224815628.44590187,2.101630599090434,2.3273999592968426,1.8707418763788655,2024
2025-03-31,23876000,252511000.0,26787097.0,35931000.0,26787097.0,103735000.0,SPIR,103531000.0,-0.1259655159790607,8.09000015258789,216707618.81738663,284511618.8173866,2.7480814327823224,2.0931664797730787,2.43898928823251,2025
2025-06-30,19182000,208880000.0,32093646.0,36114000.0,32093646.0,0.0,SPIR,97025000.0,-0.2532700093428838,11.899999618530273,381914375.15724564,345800375.15724564,3.5640337558077366,3.9362471028832324,2.1528472043287814,2025
2025-09-30,12670000,223113000.0,32501417.0,20312000.0,32501417.0,0.0,SPIR,84296000.0,-0.5011614630497263,10.989999771118164,357190565.391016,336878565.391016,3.9963766417269624,4.2373370668954164,2.6467803929012055,2025
2026-03-31,15834000,184810000.0,33269650.0,16048000.0,33269650.0,0.0,SPIR,71562000.0,-0.4457434892187062,12.579999923706055,418532194.46172714,402484194.46172714,5.624272581282344,5.848525676500477,2.5825158603728235,2026
2026-06-30,18048000,134467000.0,38295060.0,38814000.0,38295060.0,0.0,SPIR,65734000.0,-0.2440944881889764,18.600000381469727,712288130.6084061,673474130.6084061,10.24544574510004,10.835916429981532,2.0456232695408767,2026
